id,camera,lowMbps,highMbps,codec,configuration,settings,source
viofo-a329s,VIOFO A329S • Maximum 2CH,65.5,65.5,H.264,"2-channel: front, rear; firmware 2.2_260815","Maximum bitrate, 2CH and firmware owner-confirmed. Three sampled 60-second driving files measure 65.535008-65.537908 Mbps; complete file size 494.93 MB each. 0.1-second clips excluded from comparison. Earlier 3CH measurements had unknown quality settings and do not establish a controlled channel-count effect.",privacy-safe card scan summary
viofo-a329t,VIOFO A329T,65.5,65.5,H.264,"3-channel: front, telephoto front, rear",Quality setting not recorded,ffprobe
blackvue-dr970x-plus,BlackVue DR970X Plus,60.0,60.0,HEVC,Not recorded,Quality setting not recorded,ffprobe
blackvue-elite-9,BlackVue Elite 9,60.0,60.0,HEVC,2CH front/rear · firmware 1.010,Observed range 46.4-60.1 Mbps across 538 files; shorter interrupted clips account for the low end.,privacy-safe card scan summary
viofo-a139-pro,VIOFO A139 Pro,53.3,53.3,HEVC,Not recorded,Quality setting not recorded,ffprobe
viofo-t340,VIOFO T340 • Maximum,53.249696,53.249696,H.264,4 cameras; firmware 1.0_260911,Maximum,Reviewed T340 front-camera measurements
viofo-a129-pro,VIOFO A129 Pro,51.2,51.2,HEVC,Not recorded,Quality setting not recorded,ffprobe
vueroid-s1-4k-infinite,Vueroid S1 4K Infinite,48.0,48.0,H.264,"3-channel: front, rear, interior; firmware 1.6.0",Quality setting not recorded,app_submission
rove-r2-4k-pro,Rove R2-4K Pro,36.9,36.9,HEVC,Not recorded,Quality setting not recorded,ffprobe
viofo-a119m-pro,VIOFO A119M Pro,36.9,36.9,H.264,Not recorded,Quality setting not recorded,ffprobe
viofo-t340,VIOFO T340 • High,36.861637333333334,36.861637333333334,H.264,4 cameras; firmware 1.0_260911,High,Reviewed T340 front-camera measurements
viofo-a229-pro,VIOFO A229 Pro,36.0,36.0,H.264,Not recorded,Quality setting not recorded,ffprobe
viofo-a229-ultra,VIOFO A229 Ultra,36.0,36.0,H.264,Not recorded,Quality setting not recorded,ffprobe
viofo-t340,VIOFO T340 • Normal,31.950723,31.950723,H.264,4 cameras; firmware 1.0_260911,Normal,Reviewed T340 front-camera measurements
thinkware-arc-800,Thinkware ARC 800,31.9,31.9,H.264,"2-channel: front, rear","Quality setting and firmware not captured. The 2026-10-08 scan confirms nine 4K30 driving files, with sampled video bitrate 31.881750-31.959924 Mbps; two approximately full-minute samples measure 31.881750 and 31.901486 Mbps. The earlier 4K30-only group in docs/data/storage-evidence.json measured 31.899430-31.933762 Mbps. These video rates exclude padding, audio and metadata. Mixed-resolution/frame-rate and parking groups are excluded from the driving comparison.",privacy-safe card scan summary
vantrue-n4-pro-s,Vantrue N4 Pro S,31.9,31.9,HEVC,Not recorded,Quality setting not recorded,ffprobe
thinkware-u3000-pro,Thinkware U3000 Pro,29.99,30.11,HEVC,1CH front-only · firmware 1.00.06,Observed across 129 driving files.,privacy-safe card scan summary
thinkware-u3000,Thinkware U3000,30.0,30.0,HEVC,Not recorded,Quality setting not recorded,ffprobe
viofo-t340,VIOFO T340 • Low,27.034015,27.034015,H.264,4 cameras; firmware 1.0_260911,Low,Reviewed T340 front-camera measurements
