setting,channelCount,channel,videoMbps,MBPerMinute,basis,clipSizeBytes,clipDurationSeconds,combinedGBPerHour,nominal256GBRecordedHours
Low,4,front,27.034015,205.520896,paired whole-file measurement,205520896,60,28.9406976,8.84567481884058
Low,4,rear,11.8781915,92.274688,paired whole-file measurement,92274688,60,28.9406976,8.84567481884058
Low,4,interior,11.8781335,92.274688,paired whole-file measurement,92274688,60,28.9406976,8.84567481884058
Low,4,telephoto,11.8787115,92.274688,paired whole-file measurement,92274688,60,28.9406976,8.84567481884058
Normal,4,front,31.947388,239.60541,video-only estimate,,,33.7268781,7.590385307556824
Normal,4,rear,14.334559,107.5091925,video-only estimate,,,33.7268781,7.590385307556824
Normal,4,interior,14.332544,107.49408,video-only estimate,,,33.7268781,7.590385307556824
Normal,4,telephoto,14.334127,107.5059525,video-only estimate,,,33.7268781,7.590385307556824
High,4,front,36.861637333333334,278.921216,paired whole-file measurement,278921216,60,45.80179968,5.589300022893773
High,4,rear,21.298354,161.480704,paired whole-file measurement,161480704,60,45.80179968,5.589300022893773
High,4,interior,21.298496,161.480704,paired whole-file measurement,161480704,60,45.80179968,5.589300022893773
High,4,telephoto,21.298355333333333,161.480704,paired whole-file measurement,161480704,60,45.80179968,5.589300022893773
Maximum,4,front,53.249696,402.653184,paired whole-file measurement,402653184,60,61.15295232,4.186224708504802
Maximum,4,rear,27.032856,205.520896,paired whole-file measurement,205520896,60,61.15295232,4.186224708504802
Maximum,4,interior,27.032076,205.520896,paired whole-file measurement,205520896,60,61.15295232,4.186224708504802
Maximum,4,telephoto,27.03142,205.520896,paired whole-file measurement,205520896,60,61.15295232,4.186224708504802
Low Bitrate parking,4,front,4.0952075,33.554432,paired whole-file measurement,33554432,60,8.05306368,31.789143880208336
Low Bitrate parking,4,rear,4.09547,33.554432,paired whole-file measurement,33554432,60,8.05306368,31.789143880208336
Low Bitrate parking,4,interior,4.0954005,33.554432,paired whole-file measurement,33554432,60,8.05306368,31.789143880208336
Low Bitrate parking,4,telephoto,4.0956225,33.554432,paired whole-file measurement,33554432,60,8.05306368,31.789143880208336
Maximum 3CH,3,front,53.2424,402.653184,paired whole-file measurement,402653184,60,48.821698559999994,5.243570124570447
Maximum 3CH,3,rear,27.032558,205.520896,paired whole-file measurement,205520896,60,48.821698559999994,5.243570124570447
Maximum 3CH,3,interior,27.032063,205.520896,paired whole-file measurement,205520896,60,48.821698559999994,5.243570124570447
Auto Event parking,4,front,10.648759666666667,83.88608,paired whole-file measurement,62914560,45,16.60944384,15.412918244949495
Auto Event parking,4,rear,8.191727,64.31266133333334,paired whole-file measurement,48234496,45,16.60944384,15.412918244949495
Auto Event parking,4,interior,8.191959333333333,64.31266133333334,paired whole-file measurement,48234496,45,16.60944384,15.412918244949495
Auto Event parking,4,telephoto,8.19133,64.31266133333334,paired whole-file measurement,48234496,45,16.60944384,15.412918244949495
